{
  "$id": "https://aka.ms/winget-manifest.version.1.7.0.schema.json",
  "$schema": "http://json-schema.org/draft-07/schema#",
  "description": "A representation of a multi-file manifest representing an app version in the OWC. v1.7.0",
  "type": "object",
  "properties": {
    "PackageIdentifier": {
      "type": "string",
      "pattern": "^[^\\.\\s\\\\/:\\*\\?\"<>\\|\\x01-\\x1f]{1,32}(\\.[^\\.\\s\\\\/:\\*\\?\"<>\\|\\x01-\\x1f]{1,32}){1,7}$",
      "maxLength": 128,
      "description": "The package unique identifier"
    },
    "PackageVersion": {
      "type": "string",
      "pattern": "^[^\\\\/:\\*\\?\"<>\\|\\x01-\\x1f]+$",
      "maxLength": 128,
      "description": "The package version"
    },
    "DefaultLocale": {
      "type": "string",
      "default": "en-US",
      "pattern": "^([a-zA-Z]{2,3}|[iI]-[a-zA-Z]+|[xX]-[a-zA-Z]{1,8})(-[a-zA-Z]{1,8})*$",
      "maxLength": 20,
      "description": "The default package meta-data locale"
    },
    "ManifestType": {
      "type": "string",
      "default": "version",
      "const": "version",
      "description": "The manifest type"
    },
    "ManifestVersion": {
      "type": "string",
      "default": "1.7.0",
      "pattern": "^(0|[1-9][0-9]{0,3}|[1-5][0-9]{4}|6[0-4][0-9]{3}|65[0-4][0-9]{2}|655[0-2][0-9]|6553[0-5])(\\.(0|[1-9][0-9]{0,3}|[1-5][0-9]{4}|6[0-4][0-9]{3}|65[0-4][0-9]{2}|655[0-2][0-9]|6553[0-5])){2}$",
      "description": "The manifest syntax version"
    }
  },
  "required": [
    "PackageIdentifier",
    "PackageVersion",
    "DefaultLocale",
    "ManifestType",
    "ManifestVersion"
  ]
}